x,y,eta,u,u_over_Ue,T,T_over_Te,rho,rho_over_rhoe,mu,mu_over_mue,Mach
0.3,0.0,0.0,0.0,0.0,300.0,1.4563106796116505,0.05422980897636881,0.6866666666666666,1.8459162511975804e-05,1.3549091455606406,0.0
0.3,2.020938527237759e-06,0.020050125313283207,11.304992000410273,0.0066578280332215975,307.42641835294376,1.4923612541405036,0.05291979388132132,0.6700790423401406,1.8808464654371413e-05,1.3805480480291945,0.032163023883785134
0.3,4.041877054475518e-06,0.040100250626566414,22.609975164207786,0.013315650862313183,314.74489133631187,1.5278878220209313,0.05168929866927345,0.6544983117132931,1.9148666399401983e-05,1.4055189780688733,0.06357376716157445
0.3,6.062815581713277e-06,0.06015037593984962,33.91492678772382,0.019973455116445125,321.9554048307736,1.5628903147124933,0.05053166509648109,0.6398401670202675,1.9480053766118768e-05,1.4298429295805701,0.09428665538222974
0.3,8.083754108951035e-06,0.08020050125313283,45.21980903933689,0.026631218515510535,329.05793615185263,1.597368622096372,0.049440967396704574,0.6260295752445726,1.9802895958862305e-05,1.4535396622593837,0.12435113277612635
0.3,1.0104692636188794e-05,0.10025062656641603,56.524568960215774,0.033288909870562884,336.0524547725681,1.6313225959833404,0.04841191445520329,0.6129995394302822,2.0117446558921244e-05,1.4766277890628041,0.1538122516104456
0.3,1.2125631163426553e-05,0.12030075187969924,67.829138465731,0.039946489084647235,342.93892304640514,1.664752053623326,0.04743976725765012,0.6006900534067546,2.042394462270734e-05,1.4991248568171507,0.18271117798055203
0.3,1.4146569690664312e-05,0.14035087719298245,79.13343434775715,0.04660390715415615,349.71729693067823,1.6976567812168846,0.04652026890204264,0.5890472155880634,2.0722615693623796e-05,1.52104742048907,0.21108562774664075
0.3,1.616750821790207e-05,0.16040100250626566,90.4373582780886,0.05326110617084134,356.3875267103282,1.7300365374287776,0.04564958499833817,0.5780224743034759,2.1013672734501017e-05,1.5424111116266563,0.23897024378681742
0.3,1.818844674513983e-05,0.18045112781954886,101.74079681319107,0.05991801932461194,362.94955772216974,1.7618910569037367,0.04482425270060303,0.5675719824342331,2.1297316987091086e-05,1.563230701446653,0.2663969237203375
0.3,2.020938527237759e-05,0.20050125313283207,113.04362140051127,0.06657457090725045,369.4033310795808,1.793220053784373,0.044041136947424585,0.5576560433225256,2.1573738764687925e-05,1.583520159013057,0.29339510564121785
0.3,2.2230323799615347e-05,0.22055137844611528,124.34568838656638,0.0732306763171769,375.7487843976038,1.8240232252310864,0.04329739274870264,0.5482386332407085,2.1843118183501946e-05,1.6032927049202799,0.3199920181044141
0.3,2.4251262326853106e-05,0.24060150375939848,135.6468390270351,0.07988624206539169,381.9858525184035,1.8543002549437062,0.04259043256615592,0.5392869883579661,2.2105625837982216e-05,1.622560860862037,0.34621289955676365
0.3,2.6272200854090865e-05,0.2606516290726817,146.94689949907155,0.08654116578272765,388.1144682370015,1.8840508166844734,0.04191789800264812,0.5307712462659506,2.2361423424857783e-05,1.6413364954362055,0.3720811915510452
0.3,2.8293139381328624e-05,0.2807017543859649,158.24568091606253,0.09319533622854095,394.13456302718726,1.9132745778018798,0.041277635150684354,0.522664133837433,2.2610664320268895e-05,1.6596308665064614,0.3976187093836771
0.3,3.0314077908566383e-05,0.3007518796992481,169.5429793450484,0.09984863330097078,400.04606776747613,1.9419712027547384,0.040667673060010796,0.5149406945795453,2.2853494113982734e-05,1.677454660413906,0.42284579322353927
0.3,3.233501643580414e-05,0.3208020050125313,180.83857582702663,0.10650092804889671,405.84891346696764,1.9701403566357654,0.0400862048734665,0.5075780497728658,2.3090051104338708e-05,1.6948180283062286,0.44778144232668543
0.3,3.4355954963041904e-05,0.3408521303258145,192.13223640035696,0.11315208268572259,411.54303199092766,1.9977817086938237,0.03953157125320806,0.5005551886115792,2.332046675724501e-05,1.7117306198282185,0.47244343454006227
0.3,3.637689349027966e-05,0.3609022556390977,203.42371212748523,0.11980195060511498,417.1283567858995,2.024894935853881,0.039002245779375395,0.4938527833190064,2.3544866132251858e-05,1.7282016143956924,0.49684843297150993
0.3,3.839783201751742e-05,0.38095238095238093,214.71273912520235,0.12645037639882353,422.6048236041219,2.0514797262336018,0.03849682205272387,0.4874530258390329,2.3763368278455084e-05,1.7442397502549607,0.5210120814311473
0.3,4.041877054475518e-05,0.40100250626566414,225.9990385986536,0.13309719587671,427.9723712270111,2.0775357826553935,0.03801400227371463,0.4813394832226929,2.3976086602736154e-05,1.7598533515117767,0.5449490900210435
0.3,4.243970907199294e-05,0.42105263157894735,237.28231687931182,0.1397422360891118,433.23094218743984,2.1030628261526205,0.0375525871046205,0.4754969692605034,2.4183129212619183e-05,1.7750503532971644,0.568673312058032
0.3,4.4460647599230695e-05,0.44110275689223055,248.56226546712608,0.14638531535166435,438.3804834905236,2.128060599468561,0.037111466649637756,0.4699114302711723,2.4384599235820746e-05,1.7898383252224896,0.5921978133523449
0.3,4.648158612646846e-05,0.46115288220551376,259.83856107705645,0.15302624327270697,443.42094733260075,2.1525288705466057,0.036689612411809784,0.4645698432588565,2.4580595118381968e-05,1.8042244932624611,0.6155349347273292
0.3,4.850252465370621e-05,0.48120300751879697,271.1108656902033,0.15966482078339417,448.3522918180739,2.1764674360100678,0.03628607010558569,0.45946012490460914,2.4771210903104104e-05,1.8182157601924036,0.6386963485486832
0.3,5.0523463180943975e-05,0.5012531328320802,282.37882660973537,0.16630084017063332,453.17448167375295,2.199876124629869,0.035899953220717526,0.45457105007139936,2.4956536489855416e-05,1.8318187246948743,0.6616931099320402
0.3,5.254440170818173e-05,0.5213032581453634,293.642076521823,0.17293408511296998,457.88748896032195,2.222754800778262,0.03553043724747942,0.4498921786828966,2.5136657879178835e-05,1.8450396992405536,0.6845357032125269
0.3,5.456534023541949e-05,0.5413533834586466,304.90023356177414,0.17956433071953717,462.4912937805301,2.2451033678666508,0.03517675448530904,0.4454137899896445,2.531165740050419e-05,1.857884726839104,0.7072340841868363
0.3,5.658627876265725e-05,0.5614035087719298,316.1529013855735,0.18619134357218697,466.9858849836836,2.266921771765454,0.034838189367284784,0.44112682336682957,2.5481613926154724e-05,1.8703595967473257,0.7297977185755035
0.3,5.860721728989501e-05,0.581453634085213,327.39966924701923,0.19281488177091827,471.3712608659986,2.2882100042038767,0.03451407424165297,0.43702282489929245,2.564660307223483e-05,1.8824698592143874,0.7522356170988446
0.3,6.0628155817132766e-05,0.6015037593984962,338.64011208064807,0.19943469498271382,475.647429866349,2.3089681061473253,0.03420378555915253,0.43309389910481266,2.5806697387391704e-05,1.8942208393370008,0.7745563675131476
0.3,6.264909434437052e-05,0.6215538847117794,349.8737905906372,0.20605052449389705,479.81441125693175,2.329196171150154,0.03390674042134788,0.4293326652285373,2.5961966530359248e-05,1.905617650091205,0.7967681639130525
0.3,6.467003287160828e-05,0.6416040100250626,361.1002513458675,0.21266210326611748,483.8722358283437,2.3488943486812803,0.03362239345074169,0.42573221761184,2.611247743711509e-05,1.916665204601753,0.818878833570751
0.3,6.669097139884605e-05,0.6616541353383458,372.31902688132766,0.21926915599607047,487.8209465685532,2.3680628474201613,0.03335023394823489,0.42228608969961673,2.6258294478411784e-05,1.9273682277049575,0.8408958615518702
0.3,6.871190992608381e-05,0.681704260651629,383.52963580603523,0.2258713991790549,491.6605993352265,2.386701938520517,0.033089783307647294,0.4189882213025251,2.6399479608379306e-05,1.9377312668561681,0.862826413321048
0.3,7.073284845332156e-05,0.7017543859649122,394.7315829176452,0.23246854117646948,495.39126352085543,2.404811958839104,0.0328405926606046,0.41583292877616046,2.6536092504838528e-05,1.9477587024288296,0.8846773555267149
0.3,7.275378698055932e-05,0.7218045112781954,405.92435932391226,0.23906028228734527,499.01302271011275,2.422393314126761,0.032602240728217664,0.41281487781866927,2.6668190701912218e-05,1.9574547574481782,0.9064552751339953
0.3,7.477472550779708e-05,0.7418546365914787,417.10744257116863,0.24564631482400978,502.5259753288495,2.439446482178881,0.032374331858695184,0.4099290586226812,2.6795829715472428e-05,1.9668235067991235,0.9281664970565403
0.3,7.679566403503484e-05,0.7619047619047619,428.28029677997085,0.2522263231919734,505.9302352841298,2.4559720159423777,0.0321564942323995,0.4071707631474341,2.691906316191939e-05,1.975868885944663,0.9498171004221683
0.3,7.881660256227259e-05,0.7819548872180451,439.4423727880676,0.25879998397412696,509.2259325946891,2.4719705465761606,0.031948378217924865,0.40453556430316884,2.703794287074694e-05,1.9845946991882235,0.9714129335931379
0.3,8.083754108951035e-05,0.8020050125313283,450.59310830082984,0.2653669660193344,512.413214011183,2.4874427864620534,0.03174965486459057,0.4020192968628327,2.7152518991313423e-05,1.993004627510685,0.9929596280494494
0.3,8.285847961674812e-05,0.8220551378446115,461.7319280492817,0.2719269305355016,515.4922436255869,2.502389532163043,0.03156001451833119,0.39961803993625594,2.7262840094203432e-05,2.001102236010368,1.01446261123258
0.3,8.487941814398588e-05,0.8421052631578947,472.8582439558626,0.2784795311871982,518.4632034690931,2.5168116673256944,0.03137916554936473,0.3973281008596788,2.7368953267535627e-05,2.0088909809720628,1.0359271184372982
0.3,8.690035667122364e-05,0.8621553884711779,483.9714553080427,0.28502441419790503,521.3262940978407,2.5307101655234985,0.031206833181250098,0.39514600036908676,2.7470904208543766e-05,2.016374216589108,1.0573582038305367
0.3,8.892129519846139e-05,0.8822055137844611,495.0709489399104,0.2915612184569555,524.0817351658071,2.544086093037899,0.031042758412031916,0.39306845893957065,2.756873731073291e-05,2.023555201360689,1.078760750668593
0.3,9.094223372569915e-05,0.9022556390977443,506.15609942183687,0.2980895756312349,526.7297659841796,2.5569406115736872,0.03088669701913007,0.391092384185076,2.7662495746889073e-05,2.030437104184776,1.1001394807770444
0.3,9.296317225293691e-05,0.9223057644110275,517.226269258322,0.3046091102816973,529.2706460665223,2.569274980905448,0.030738418640481057,0.38921485922366555,2.7752221548199536e-05,2.0370230101655826,1.1214989633516286
0.3,9.498411078017468e-05,0.9423558897243107,528.2808090941121,0.3111194399847539,531.7046556590442,2.581090561451671,0.0305977059251915,0.3874331319229553,2.783795567972099e-05,2.043315926152955,1.1428436231328487
0.3,9.700504930741243e-05,0.9624060150375939,539.319057928673,0.31762017545858245,534.0320962552712,2.5923888167731612,0.030464353747633118,0.3857446049488578,2.7919738112414984e-05,2.0493187860297994,1.16417774800214
0.3,9.902598783465019e-05,0.9824561403508771,550.3403433390954,0.32411092069440245,536.2532910944252,2.6031713159923555,0.030338168479503005,0.3841468265482903,2.799760789195325e-05,2.055034455762418,1.1855054960430325
0.3,0.00010104692636188795,1.0025062656641603,561.3439817114962,0.33059127309275393,538.3685856428078,2.613439736130135,0.030218967314903145,0.3826374820032221,2.8071603204480275e-05,2.0604657382275047,1.2068309021067667
0.3,0.00010306786488912571,1.0225563909774436,572.3292784809759,0.337060823604815,540.3783480574876,2.623195864356736,0.030106577643965644,0.38121438569941535,2.8141761439506652e-05,2.065615377828541,1.2281578839182752
0.3,0.00010508880341636346,1.0426065162907268,583.2955283801747,0.34351915687878365,542.282969631593,2.632441600153364,0.030000836470972268,0.3798754737585596,2.8208119250093305e-05,2.070486064913337,1.2494902477552061
0.3,0.00010710974194360122,1.06265664160401,594.2420156964681,0.3499658514113475,544.0828652205128,2.64117895738113,0.029901589873294318,0.37861879718728086,2.8270712610475174e-05,2.0750804400036342,1.2708316937297917
0.3,0.00010913068047083899,1.0827067669172932,605.1680145378267,0.35640047970425603,545.7784736483134,2.6494100662539486,0.029808692497817275,0.3774425155007881,2.8329576871261632e-05,2.0794010978468327,1.292185820700733
0.3,0.00011115161899807675,1.1027568922305764,616.072789107357,0.36282260842600533,547.3702580936866,2.657137175212071,0.029722007091817708,0.3763448907827607,2.838474681234089e-05,2.083450591299194,1.3135561308399157
0.3,0.0001131725575253145,1.1228070175438596,626.9555939865288,0.36923179857863886,548.8587064547488,2.6643626526929554,0.029641404065532395,0.375324282146527,2.8436256693605953e-05,2.087231435049148,1.3349460338766193
0.3,0.00011519349605255226,1.1428571428571428,637.8156744270835,0.3756276056696605,550.2443316920235,2.6710889887962304,0.029566761083904287,0.374379140565686,2.8484140303611374e-05,2.0907461091887094,1.3563588510399505
0.3,0.00011721443457979002,1.162907268170426,648.6522666516078,0.3820095798890505,551.5276721489471,2.677318796839549,0.02949796268521048,0.37350800404511175,2.852843100626161e-05,2.093997062640426,1.3777978187184696
0.3,0.00011923537310702778,1.1829573934837092,659.464598162741,0.38837726629136693,552.7092918492544,2.683054814802206,0.029434899924475712,0.3727094931057977,2.8569161785624598e-05,2.0969867164467093,1.3992660918543574
0.3,0.00012125631163426553,1.2030075187969924,670.2518880609817,0.39473020498291034,553.7897807706102,2.688299906653447,0.029377470039754192,0.37198230655926273,2.8606365288956974e-05,2.0997174669278986,1.4207667470880438
0.3,0.0001232772501615033,1.2230576441102756,681.013347371036,0.40106793131391993,554.7697550938701,2.693057063562476,0.029325576139524488,0.3713252175492942,2.8640073868021363e-05,2.1021916887149685,1.4423027856678678
0.3,0.00012529818868874104,1.2431077694235588,691.7481793766478,0.4073899760757643,555.6498574273758,2.697329404987261,0.029279126909588053,0.37073706984064964,2.8670319618769627e-05,2.104411737662291,1.4638771361381446
0.3,0.0001273191272159788,1.263157894736842,702.455579963832,0.41369586570308126,556.4307570057013,2.7011201796393265,0.02923803633799479,0.3702167743360191,2.8697134419461086e-05,2.1063799536455283,1.4854926568179
0.3,0.00012934006574321657,1.2832080200501252,713.1347379724242,0.4199851224808152,557.113149862294,2.7044327663218155,0.029202223456638858,0.3697633058040698,2.8720549967279074e-05,2.1080986632492995,1.5071521380815434
0.3,0.00013136100427045433,1.3032581453634084,723.7848355558438,0.4262572647560917,557.6977589754748,2.7072706746382273,0.029171612098276484,0.3693756998027654,2.8740597813504777e-05,2.109570182348954,1.528858304451806
0.3,0.0001333819427976921,1.3233082706766917,734.4050485489568,0.43251180715486265,558.1853343872842,2.709637545569341,0.02914613066781652,0.36905304978341047,2.8757309397302628e-05,2.1107968185904316,1.5506138165144558
0.3,0.00013540288132492985,1.3433583959899749,744.9945468439139,0.4387482608032473,558.5766532946913,2.711537151915977,0.029125711926824033,0.3687945043619993,2.8770716078167706e-05,2.111780873771912,1.5724212726635083
0.3,0.00013742381985216762,1.363408521303258,755.5524947738191,0.44496613355348597,558.8725201127033,2.712973398605356,0.029110292790258882,0.3685992647454872,2.8780849167081357e-05,2.1125246461306517,1.5942832106849605
0.3,0.00013944475837940538,1.3834586466165413,766.0780515040815,0.45116493021441784,559.0737665089531,2.7139503228589956,0.029099814134545172,0.3684665823015344,2.8787739956418195e-05,2.1130304325381637,1.6162021091864236
0.3,0.0001414656969066431,1.4035087719298245,776.5703714312798,0.45734415278638385,559.1812514093592,2.7144720942201905,0.029094220616135525,0.3683957562611372,2.8791419748643906e-05,2.1133005306066512,1.6381803888794433
0.3,0.00014348663543388088,1.4235588972431077,787.028604589364,0.46350330070045,559.1958609744988,2.7145430144393146,0.029093460499795363,0.3683861315443361,2.8791919883840398e-05,2.1133372407093605,1.6602204137207448
0.3,0.00014550757396111864,1.443609022556391,797.4518970630003,0.46964187106183763,559.1185085463588,2.7141675172153343,0.02909748549588878,0.3684370966999024,2.8789271766092037e-05,2.113142867917342,1.6823244919181537
0.3,0.0001475285124883564,1.463659147869674,807.8393914078529,0.47575935889743987,558.950134565169,2.7133501677920826,0.029106250605998942,0.36854808195055916,2.8783506888763848e-05,2.112719723854878,1.7044948768064767
0.3,0.00014954945101559416,1.4837092731829573,818.1902270775875,0.4818552574072953,558.6917064560578,2.7120956624080472,0.029119713976262913,0.36871855733588255,2.87746568587002e-05,2.1120701284756755,1.7267337675982215
0.3,0.00015157038954283192,1.5037593984962405,828.5035408573615,0.4879290582198831,558.3442184853093,2.710408827598589,0.02913783675784349,0.3689480309455736,2.876275341937028e-05,2.1111964117617528,1.7490433100136398
0.3,0.0001535913280700697,1.5238095238095237,838.7784673035602,0.49398025165109555,557.9086915860414,2.7082946193497155,0.02916058297400019,0.3692360472362894,2.87478284729843e-05,2.110100915346775,1.7714255967942338
0.3,0.00015561226659730745,1.543859649122807,849.014139189517,0.5000083269667356,557.3861731531597,2.705758122102717,0.02918791939325741,0.3695821854256778,2.872991410160251e-05,2.1087859940654647,1.7938826681035505
0.3,0.00015763320512454518,1.5639097744360901,859.2096879569518,0.5060127726483815,556.7777368074933,2.702804547609191,0.029219815408200588,0.3699860579576744,2.870904258725727e-05,2.10725401743057,1.8164165118187876
0.3,0.00015965414365178295,1.5839598997493733,869.3642441728434,0.511993076662452,556.0844821290542,2.6994392336361854,0.029256242919461654,0.37044730903350803,2.868524643110662e-05,2.1055073710387426,1.8390290637164763
0.3,0.0001616750821790207,1.6040100250626566,879.4769337288725,0.5179487242219508,555.3075347050999,2.695667644199514,0.029297176206244675,0.37096561297227454,2.8658558383515213e-05,2.103548458778487,1.8617221979525567
0.3,0.00016369602070625847,1.6240601503759398,889.5468735267091,0.5238791952454117,554.4480464113617,2.69149537092894,0.02934259178693223,0.37154067244591277,2.862901148233893e-05,2.1013797056402694,1.884497715804263
0.3,0.00016571695923349623,1.644110275689223,899.5732110055417,0.5297839876357725,553.5071916038172,2.686928114581637,0.02939246849850405,0.37217221948481605,2.8596638950704065e-05,2.0990035502134683,1.9073574341062531
0.3,0.000167737897760734,1.6641604010025062,909.5550779024386,0.5356625900485504,552.4861704339743,2.6819717011357973,0.029446787202169228,0.37286001175049927,2.856147433972089e-05,2.0964224551616057,1.93030307999281
0.3,0.00016975883628797176,1.6842105263157894,919.4916074357959,0.5415144920116584,551.3862072164254,2.6766320738661427,0.029505530751379305,0.37360383213057524,2.852355150140167e-05,2.093638905234517,1.9533363279346687
0.3,0.00017177977481520952,1.7042606516290726,929.3819347881995,0.5473391842097759,550.2085499781725,2.6709152911561773,0.029568683899143428,0.37440348756516467,2.8482904602308102e-05,2.090655408270079,1.9764587993457214
0.3,0.00017380071334244728,1.7243107769423558,939.225197592409,0.5531361587705589,548.9544699779722,2.6648275241649135,0.029636233208126465,0.37525880790854316,2.8439568136320863e-05,2.0874744961314975,1.9996720621010855
0.3,0.00017582165186968502,1.744360902255639,949.0205364200817,0.5589049095524627,547.6252611960226,2.6583750543496243,0.02970816696326061,0.3761696448226157,2.8393576936539742e-05,2.084098725580785,2.0229776299684166
0.3,0.00017784259039692278,1.7644110275689222,958.7670952728548,0.5646449324339545,546.2222397943596,2.651564270846406,0.029784475086615907,0.3771358706989931,2.8344966186321984e-05,2.080530679088975,2.0463769619543015
0.3,0.00017986352892416054,1.7844611528822054,968.4640220753898,0.5703557256038809,544.7467435483834,2.644401667710599,0.029865149054288317,0.3781573776066152,2.8293771429465827e-05,2.0767729655836003,2.069871461567462
0.3,0.0001818844674513983,1.8045112781954886,978.1104691699747,0.5760367898527531,543.200131249982,2.63689384101933,0.029950181815076984,0.3792340762620293,2.8240028579545513e-05,2.072828221133884,2.0934624760004548
0.3,0.00018390540597863607,1.8245614035087718,987.7055938122694,0.5816876288647052,541.583782082773,2.6290474858387043,0.030039567710733583,0.3803658950195742,2.8183773928403197e-05,2.0686991095740503,2.1171512952315035
0.3,0.00018592634450587383,1.844611528822055,997.248558667776,0.5873077495098799,539.8990949700276,2.620869393058386,0.030133302397578218,0.3815527788788682,2.8125044153802833e-05,2.0643883230651214,2.140939151048074
0.3,0.0001879472830331116,1.8646616541353382,1006.7385323086002,0.5928966621369848,538.1474878958956,2.6123664460965803,0.030231382769286223,0.38279468850712284,2.806387632625055e-05,2.0598985825955367,2.164827215993779
0.3,0.00018996822156034935,1.8847117794486214,1016.174689710069,0.598453880865765,536.3303972005964,2.6035456174786233,0.030333806880660154,0.38409159927393155,2.80003079149854e-05,2.0552326384208732,2.188816602240203
0.3,0.0001919891600875871,1.9047619047619047,1025.5562127467613,0.6039789238791291,534.4492768502881,2.5944139652926608,0.030440573872210434,0.3854435002962975,2.7934376793144138e-05,2.050393270442947,2.2129083603852404
0.3,0.00019401009861482485,1.9248120300751879,1034.882290687501,0.6094713137146649,532.5055976823769,2.5849786295261015,0.030551683895376748,0.3868503934917744,2.7866121242103248e-05,2.0453832885285137,2.2371034781795784
0.3,0.0001960310371420626,1.944862155388471,1044.1521206888567,0.6149305775552748,530.5008466270706,2.5752468282867502,0.03066713803823073,0.3883122926377026,2.7795579955001182e-05,2.0402055327678066,2.2614028791829734
0.3,0.00019805197566930038,1.9649122807017543,1053.3649082866875,0.6203562475186617,528.4365259060328,2.5652258539127804,0.030786938251508383,0.3898292224346187,2.772279203944324e-05,2.0348628736730743,2.2858074213520294
0.3,0.00020007291419653814,1.9849624060150375,1062.5198678852728,0.6257478609453904,526.3141522090324,2.5549230689758855,0.030911087274828254,0.39140121757201857,2.764779701939194e-05,2.0293582123173337,2.3103178955612615
0.3,0.0002020938527237759,2.0050125313283207,1071.6162232435504,0.6311049606852476,524.1352558495282,2.544345902182176,0.03103958856295907,0.3930283217947462,2.7570634836244556e-05,2.0236944804134627,2.3349350240592646
0.3,0.00020411479125101366,2.025062656641604,1080.6532079580008,0.636427095381626,521.901379900174,2.533501844175602,0.031172446212007456,0.39471058696837014,2.749134584910059e-05,2.0178746403338326,2.3596594588619464
0.3,0.00020613572977825142,2.045112781954887,1089.6300659416959,0.6417138197536489,519.614079309263,2.5223984432488495,0.031309664885403765,0.3964480721420045,2.7409970834220617e-05,2.0119016850705873,2.3844917800848378
0.3,0.00020815666830548916,2.0651629072681703,1098.5460518990399,0.6469646948757597,517.2749199991783,2.511043300966885,0.03145124973957076,0.3982408426071135,2.732655098367896e-05,2.005778638136748,2.4094324942166363
0.3,0.00021017760683272692,2.0852130325814535,1107.4004317957267,0.6521792884544916,514.8854779479448,2.49944406770847,0.03159720634916692,0.40008896895093,2.7241127903211848e-05,1.999508553408269,2.43448203233625
0.3,0.00021219854535996468,2.1052631578947367,1116.1924833234327,0.6573571751021394,512.4473382550186,2.4876084381311583,0.031747540631803274,0.4019925261032079,2.7153743609263333e-05,1.9930945149072055,2.459640748275743
0.3,0.00021421948388720245,2.12531328320802,1124.9214963587756,0.6624979366070527,509.9620941924859,2.4755441465654653,0.031902258772139064,0.40395159237510897,2.7064440525230796e-05,1.986539636526133,2.484908916731749
0.3,0.0002162404224144402,2.145363408521303,1133.586773416056,0.6676011622002687,507.4313462428647,2.4632589623440033,0.03206136714526908,0.405966248489121,2.6973261476912504e-05,1.9798470616939963,2.510286731328066
0.3,0.00021826136094167797,2.1654135338345863,1142.1876300933188,0.6726664488182089,504.8567011247477,2.450760685071591,0.032224872239322154,0.408036576598987,2.6880249687159376e-05,1.9730199629835474,2.5357743026323196
0.3,0.00022028229946891573,2.1854636591478696,1150.7233955112515,0.6776934013611611,502.2397708075349,2.4380571398424027,0.032392780577197904,0.4101626592987237,2.678544876973357e-05,1.9660615416605633,2.5613716561297752
0.3,0.0002223032379961535,2.2055137844611528,1159.1934127444674,0.6826816329472717,499.5821715165471,2.4251561724104227,0.032565098637375584,0.41234457861988955,2.668890272237677e-05,1.9589750271750552,2.587078730157574
0.3,0.00022432417652339123,2.225563909774436,1167.5970392446989,0.6876307651617779,496.88552272981815,2.4120656443195054,0.03274183277373708,0.4145824150163711,2.6590655919090978e-05,1.951763676594678,2.61289537380286
0.3,0.000226345115050629,2.245614035087719,1175.9336472554526,0.6925404283012088,494.15144616789496,2.39879342799949,0.03292298913435344,0.41687624633604453,2.649075310163543e-05,1.944430773980598,2.6388213447685174
0.3,0.00022836605357786675,2.2656641604010024,1184.2026242176694,0.6974102616122906,491.3815647779884,2.385347401834895,0.03310857357919223,0.4192261467787728,2.638923937024316e-05,1.936979629706087,2.664856307210422
0.3,0.00023038699210510452,2.2857142857142856,1192.40337316595,0.7022399135252945,488.57750171383157,2.371735445212775,0.033298591596711814,0.4216321858403088,2.62861601735613e-05,1.9294135797181373,2.690999829550392
0.3,0.00023240793063234228,2.305764411027569,1200.535313114903,0.7070290418815682,485.74087931261795,2.357965433556398,0.03349304821931636,0.4240944272417732,2.6181561297819793e-05,1.9217359847424398,2.7172513822692417
0.3,0.00023442886915958004,2.325814536340852,1208.597879435193,0.7117773141550017,482.87331807039914,2.3440452333514523,0.033691947937655065,0.42661292784449695,2.6075488855233322e-05,1.9139502294320825,2.743610335684613
0.3,0.0002364498076868178,2.345864661654135,1216.5905242188644,0.7164844076671758,479.9764356173297,2.3299826971715034,0.03389529461375759,0.4291877365501281,2.596798927164199e-05,1.9060597214603714,2.7700759577185265
0.3,0.00023847074621405557,2.3659147869674184,1224.5127166335349,0.7211500097959569,477.0518456941503,2.3157856587094674,0.03410309139300776,0.43181889318602845,2.58591092733969e-05,1.8980678905582278,2.7966474116598676
0.3,0.0002404916847412933,2.3859649122807016,1232.3639432650502,0.7257738181772969,474.1011571313056,2.301461927821872,0.034315340614966786,0.4345064273761029,2.5748895873497207e-05,1.8899781874966428,2.823323753927273
0.3,0.00024251262326853106,2.406015037593985,1240.1437084482282,0.7303555409000166,471.1259728320812,2.2870192855926272,0.03453204372306857,0.43725035739734636,2.5637396356985748e-05,1.881794083014711,2.850103931838251
0.3,0.0002445335617957688,2.426065162907268,1247.851534585295,0.7348948966933422,468.12788876115746,2.2724654794230945,0.03475320117321868,0.44005068902250943,2.552465826561163e-05,1.87351906669386,2.8769867813905394
0.3,0.0002465545003230066,2.4461152882205512,1255.4869624516678,0.7393916151069893,465.1084929399518,2.257808218155106,0.03497881234134131,0.44290741434944253,2.5410729381768086e-05,1.8651566457788815,2.9039710250621193
0.3,0.00024857543885024435,2.4661654135338344,1263.0495514887216,0.7438454366835816,462.06936445012207,2.243055167233602,0.035208875429928635,0.44582051061780925,2.5295657711715065e-05,1.856710343946465,2.9310552696365217
0.3,0.0002505963773774821,2.4862155388471177,1270.5388800832084,0.7482561131232087,459.01207244659236,2.2282139439154967,0.03544338737365908,0.44878993901400877,2.5179491468097194e-05,1.8481837000220092,2.958238004060388
0.3,0.0002526173159047199,2.506265664160401,1277.9545458330067,0.7526234074399333,455.93817518143715,2.2132921125312484,0.035682343744163424,0.4518156434653094,2.5062279051767785e-05,1.8395802666454981,2.9855175973405537
0.3,0.0002546382544319576,2.526315789473684,1285.296165798891,0.7569470941100654,452.8492190399503,2.198297179805584,0.03592573865402956,0.4548975494243409,2.494406903293118e-05,1.8309036088873412,3.012892296488208
0.3,0.0002566591929591954,2.5463659147869673,1292.5633767420359,0.7612269592120353,449.7467375902014,2.183236590243696,0.036173564660149954,0.4580355626452645,2.4824910131616436e-05,1.8221573028151368,3.0403602245179795
0.3,0.00025868013148643313,2.5664160401002505,1299.7558353469726,0.7654628005576988,446.6322506473539,2.1681177215890965,0.036425812666528785,0.46122956795310066,2.470485119749619e-05,1.8133449340123675,3.067919378510076
0.3,0.0002607010700136709,2.5864661654135337,1306.873218429747,0.7696544278149277,443.5072633540018,2.152947880359232,0.03668247182667893,0.46447942800786435,2.458394118906583e-05,1.8044700960501454,3.0955676277439124
0.3,0.00026272200854090866,2.606516290726817,1313.9152231310352,0.7738016626213399,440.3732652777404,2.1377342974647595,0.0369435294457531,0.46778498206533314,2.4462229152199017e-05,1.795536388913179,3.123302711911915
0.3,0.00026474294706814645,2.6265664160401,1320.8815670939928,0.7779043386890417,437.23172952716834,2.122484123918293,0.037208970882566604,0.47114604473644395,2.4339764198096905e-05,1.7865474173812386,3.1511222394224316
0.3,0.0002667638855953842,2.6466165413533833,1327.771988626638,0.781962301900258,434.0841118874713,2.10720442663821,0.037478779451683965,0.47456240474749717,2.4216595480649277e-05,1.777506789367454,3.1790236858009737
0.3,0.0002687848241226219,2.6666666666666665,1334.586246848578,0.7859754103937444,430.9318499767106,2.091902184352964,0.03775293632575519,0.47803382370352326,2.4092772173227366e-05,1.7684181142149022,3.207004392199191
0.3,0.0002708057626498597,2.6867167919799497,1341.324121821916,0.7899435346418822,427.7763624238952,2.0765842836111417,0.03803142043830207,0.48156003485734683,2.3968343444929128e-05,1.7592850009529983,3.2350615640212355
0.3,0.00027282670117709744,2.706766917293233,1347.985414666189,0.793866557518368,424.6190480698788,2.0612575149023242,0.038314208387168945,0.4851407418870643,2.384335843629918e-05,1.7501110565153337,3.263192269677326
0.3,0.00027484763970433523,2.726817042606516,1354.569947657213,0.7977443743564271,421.46128519207616,2.0459285688935736,0.038601274338866634,0.4887756176848316,2.3717866234546817e-05,1.7408998839206664,3.291393439474528
0.3,0.00027686857823157297,2.7468671679197993,1361.0775643097259,0.8015768929974828,418.3044307539519,2.0306040327861745,0.038892589934052334,0.49246430316003487,2.359191584828682e-05,1.7316550804188906,3.3196618646548677
0.3,0.00027888951675881076,2.7669172932330826,1367.5081294437375,0.8053640338302341,415.14981968018617,2.0152903867970204,0.039188124194401784,0.4962064060600909,2.3465556181829538e-05,1.7223802356039164,3.3479941965910243
0.3,0.0002809104552860485,2.7869674185463658,1373.8615292345335,0.8091057298201021,411.99876415837025,1.9999940007687875,0.039487843431144226,0.5000014998123019,2.3338836009047365e-05,1.713078929495462,3.376386946149951
0.3,0.0002829313938132862,2.807017543859649,1380.1376712462686,0.8128019265290157,408.85255296804394,1.9847211309128348,0.03979171115554274,0.5038491223903426,2.321180394684716e-05,1.7037547305919192,3.4048364832347433
0.3,0.000284952332340524,2.827067669172932,1386.336484449144,0.8164525821255265,405.7124508378207,1.96947791668845,0.04009968799161646,0.5077487752091353,2.3084508428278473e-05,1.6944111938964868,3.433339036515188
0.3,0.00028697327086776175,2.8471177944862154,1392.4579192201486,0.8200576673852465,402.57969783130955,1.954270377821891,0.04041173159141203,0.5116999220520029,2.2956997675310037e-05,1.685051858918956,3.4618906933572577
0.3,0.00028899420939499954,2.8671679197994986,1398.5019473273928,0.8236171656816212,399.45550876247205,1.939104411468311,0.040727796553144124,0.5157019880341508,2.2829319671307282e-05,1.6756802476555508,3.4904873999618897
0.3,0.0002910151479222373,2.887218045112782,1404.4685618980652,0.8271310729670585,396.34107264101476,1.9239857895194892,0.04104783434253408,0.5197543586066442,2.270152213324615e-05,1.6662998625494103,3.5191249617230955
0.3,0.00029303608644947507,2.907268170426065,1410.3577773700756,0.8305993977444497,393.237552148344,1.9089201560599223,0.041371793217686866,0.5238563786051874,2.2573652483699e-05,1.656914184434346,3.547799043815428
0.3,0.0002950570249767128,2.927318295739348,1416.1696294274616,0.8340221610291293,390.14608314456825,1.8939130249736322,0.04169961815785345,0.5280073513481023,2.2445757822630653e-05,1.6475266704646598,3.5765051720204837
0.3,0.0002970779635039506,2.9473684210526314,1421.904174919659,0.8373993963013304,387.0677742069655,1.878969777703716,0.04203125079643448,0.5322065377880091,2.23178848990432e-05,1.6381407520338636,3.6052387338019156
0.3,0.0002990989020311883,2.9674185463659146,1427.5614917647601,0.8407311494492109,384.0037062002775,1.8640956611663957,0.042366629358586344,0.5364531557217849,2.2190080082510267e-05,1.628759832685284,3.633994979638069
0.3,0.00030111984055842606,2.987468671679198,1433.1416788368947,0.8440174787025293,380.9549318791393,1.8492957858210646,0.042705688603795484,0.5407463790634295,2.20623893346423e-05,1.6193872860176037,3.662769024620922
0.3,0.00030314077908566385,3.007518796992481,1438.644855837902,0.8472584545570683,377.9224755228872,1.8345751238975108,0.043048359773790124,0.545085337184516,2.1934858180526056e-05,1.6100264535885105,3.6915558503296357
0.3,0.0003051617176129016,3.0275689223057642,1444.0711631534675,0.8504541596899102,374.90733260293575,1.8199385077812416,0.04339457054615967,0.5494691143269117,2.180753168018237e-05,1.600680642819687,3.720350306986396
0.3,0.0003071826561401394,3.0476190476190474,1449.4207616939339,0.8536046888656854,371.9104694828502,1.8053906285575252,0.04374424499405184,0.5538967490924565,2.1680454400087733e-05,1.591353124906483,3.7491471159017657
0.3,0.0003092035946673771,3.0676691729323307,1454.6938327199948,0.8567101488339193,368.93282315118813,1.7909360347145056,0.04409730355231541,0.5583672340142571,2.1553670384806043e-05,1.5820471327356782,3.7779408722160137
0.3,0.0003112245331946149,3.087719298245614,1459.8905776535216,0.8597706582176217,365.97530098712446,1.7765791310054586,0.04445366299045139,0.5628795152141903,2.142722312877822e-05,1.5727658588148274,3.8067260479422487
0.3,0.00031324547172185263,3.107769423558897,1465.0112178737677,0.8627863473932672,363.03878055881705,1.7623241774699856,0.044813236392729834,0.5674324921511389,2.1301155548317975e-05,1.563512453216742,3.8354969953163676
0.3,0.00031526641024909037,3.1278195488721803,1470.0559944992372,0.8657573583623305,360.12410945441127,1.748175288613647,0.04517593314582054,0.5720250174643692,2.1175509953862933e-05,1.5542900215427105,3.8642479504580476
0.3,0.00031728734877632816,3.1478696741854635,1475.025168155499,0.8686838446145458,357.23210514553296,1.7341364327453057,0.0455416589342742,0.5766558969163131,2.1050328022531087e-05,1.545101622908134,3.8929730373460267
0.3,0.0003193082873035659,3.1679197994987467,1479.9190187292634,0.8715659709830762,354.3635548830573,1.7202114314711519,0.04591031574417837,0.5813238894388606,2.092565077103318e-05,1.5359502679542847,3.9216662721100444
0.3,0.0003213292258308037,3.18796992481203,1484.7378451090415,0.8744039134917794,351.51921562489485,1.7064039593441498,0.046281801875295445,0.586027707287052,2.0801518528991777e-05,1.5268389168899161,3.950321567640723
0.3,0.0003233501643580414,3.208020050125313,1489.4819500753943,0.8771978504566514,348.6998228429384,1.6927175866162056,0.046656010778183016,0.5907660013145078,2.067797130121098e-05,1.51777050608199,3.9789326484037004
0.3,0.0003253711028852792,3.2280701754385963,1494.1516625185118,0.8799479755703838,345.9060772994177,1.679155715045717,0.047032832784918606,0.5955373828881462,2.055504816726799e-05,1.5087479039854823,4.007493187924561
0.3,0.00032739204141251694,3.2481203007518795,1498.747359030289,0.8826545106185448,343.1386316866226,1.6657215130418572,0.047412157042604694,0.6003404483705382,2.0432786660063814e-05,1.4997738655287811,4.035996954253629
0.3,0.00032941297993975473,3.2681704260651627,1503.2694116829778,0.8853176747249575,340.39812166972695,1.6524180663578978,0.04779386740769289,0.6051737271331731,2.0311224102828904e-05,1.4908511302503815,4.06443749993409
0.3,0.00033143391846699247,3.288220551378446,1507.7182100644752,0.8879376973289017,337.6851527275436,1.6392483142113767,0.04817784424782515,0.610035704371664,2.0190397006182965e-05,1.4819823780428578,4.092808302066008
0.3,0.0003334548569942302,3.308270676691729,1512.0941609461242,0.8905148179894725,335.00030026412617,1.6262150498258552,0.04856396451013216,0.6149248219705542,2.007034104497381e-05,1.4731702274528284,4.121102768787254
0.3,0.000335475795521468,3.3283208020050123,1516.3976879397833,0.893049286183618,332.344109749166,1.6133209211124564,0.04895210179951585,0.619839479494542,1.9951091035879253e-05,1.4644172340369257,4.149314246048615
0.3,0.0003374967340487057,3.3483709273182956,1520.6292311445889,0.8955413610981089,329.7170968865612,1.6005684314881612,0.0493421264670056,0.6247780353072624,1.983268091582167e-05,1.4557258887774174,4.177436024674379
0.3,0.0003395176725759435,3.3684210526315788,1524.7892467838617,0.8979913114157018,327.1197478104782,1.5879599408275642,0.04973390570824328,0.6297388078183199,1.9715143721242803e-05,1.4470986165609705,4.205461347698477
0.3,0.00034153861110318125,3.388471177944862,1528.8782068326045,0.9003994150957624,324.5525193081937,1.5754976665446296,0.05012730367211145,0.6347200768587571,1.95985115682853e-05,1.438537774723968,4.233383417964809
0.3,0.00034355954963041904,3.408521303258145,1532.8965986360536,0.9027659591496193,322.01583906897565,1.5631836848008527,0.05052218157947765,0.6397200851846138,1.948281563392664e-05,1.4300456516677336,4.26119540597901
0.3,0.0003455804881576568,3.4285714285714284,1536.84492451975,0.9050912394109246,319.5101059582238,1.5510199318360378,0.050918397851984744,0.6447370401076912,1.9368086138108665e-05,1.4216244655468309,4.288890457997509
0.3,0.00034760142668489456,3.4486215538847116,1540.7237013916101,0.9073755603013016,317.03569031606014,1.5390082054177676,0.05131580825077379,0.6497691152520837,1.9254352326904684e-05,1.4132763630335252,4.316461704338428
0.3,0.0003496223652121323,3.468671679197995,1544.5334603364736,0.9096192345915628,314.59293427954344,1.5271501664055507,0.051714266024977716,0.6548144524344304,1.91416424567643e-05,1.4050034181613469,4.343902267897428
0.3,0.00035164330373937003,3.488721804511278,1548.2747462036157,0.9118225831587843,312.1821521276345,1.51544734042541,0.052113622069781707,0.6598711636653004,1.902998377987311e-05,1.3968076312504878,4.371205272850437
0.3,0.0003536642422666078,3.508771929824561,1551.94811718772,0.9139859347395289,309.8036306480376,1.503901119650668,0.052513725093794976,0.6649373332684824,1.891940253066308e-05,1.3886909279176585,4.398363853523825
0.3,0.00035568518079384556,3.5288220551378444,1555.5541444038013,0.916109625679506,307.4576295250106,1.4925127646845173,0.05291442179543383,0.6700110201143752,1.8809923913506216e-05,1.3806551581727997,4.4253711634114365
0.3,0.00035770611932108335,3.5488721804511276,1559.0934114565787,0.9181939996799638,305.1443817472202,1.481283406539904,0.05331555704796734,0.6750902599630662,1.870157209162196e-05,1.37270209560488,4.452220384316746
0.3,0.0003597270578483211,3.568922305764411,1562.566514004802,0.9202394075411083,302.86409403470384,1.4702140487121547,0.053716974092830085,0.6801730679120892,1.8594370177225423e-05,1.3648334366587744,4.47890473559732
0.3,0.0003617479963755589,3.588972431077694,1565.9740593210295,0.9222462069028442,300.61694728398083,1.4593055693397128,0.05411851474076085,0.6852574409432747,1.8488340222941006e-05,1.357050800005019,4.5054174834878165
0.3,0.0003637689349027966,3.6090225563909772,1569.3166658473601,0.9242147619831332,298.40309703035496,1.448558723448325,0.054520019580278314,0.6903413605625035,1.8383503214502975e-05,1.3493557260040316,4.531751950476782
0.3,0.00036578987343003434,3.6290726817042605,1572.5949627476245,0.9261454433142665,296.22267392642516,1.4379741452739085,0.05492132819296429,0.6954227955256579,1.827987906476065e-05,1.3417496762660908,4.5579015247118235
0.3,0.00036781081195727213,3.6491228070175437,1575.809589456528,0.9280386274773428,294.0757842358312,1.4275523506593746,0.05532227937497881,0.7004997046434817,1.817748660900369e-05,1.3342340333082094,4.583859669406896
0.3,0.00036983175048450987,3.669172932330827,1578.961195226255,0.9298946968352504,291.9625103412395,1.4172937395205802,0.05572271136419485,0.7055700396575972,1.8076343601618398e-05,1.3268101003087067,4.609619932225037
0.3,0.00037185268901174766,3.68922305764411,1582.0504386710218,0.9317140392644415,289.88291126558624,1.4071985983766322,0.05612246207229955,0.7106317481794088,1.7976466714083344e-05,1.3194791009600861,4.635175954609301
0.3,0.0003738736275389854,3.7092731829573933,1585.0779873100746,0.9334970478857919,287.8370232055804,1.3972671029397108,0.056521369321176435,0.7156827766832122,1.7877871534308604e-05,1.3122421794205352,4.6605214810343885
0.3,0.0003758945660662232,3.7293233082706765,1588.0445171096205,0.9352441207948295,285.82486007648845,1.3874993207596527,0.05691927108284764,0.7207210735443836,1.778057256731987e-05,1.305100400364139,4.68565036815121
0.3,0.0003779155045934609,3.7493734335839597,1590.9507120241738,0.9369556607916217,283.8464140672038,1.377895213918465,0.05731600572223114,0.7257445921132095,1.768458323728426e-05,1.2980547491295769,4.710556593796683
0.3,0.0003799364431206987,3.769423558897243,1593.7972635377969,0.9386320751105989,281.9016562046281,1.3684546417700394,0.05771141224193896,0.7307512938145626,1.7589915890871968e-05,1.2911061319668666,4.735234265841035
0.3,0.00038195738164793644,3.789473684210526,1596.5848702057099,0.9402737751505947,279.99053692639063,1.3591773637203428,0.05810533052832331,0.7357391512633774,1.7496581801943777e-05,1.2842553763814315,4.759677630845174
0.3,0.0003839783201751742,3.8095238095238093,1599.3142371967247,0.9418811762053738,278.1129866609417,1.3500630420434063,0.0584976015979604,0.7407061513856689,1.7404591177550975e-05,1.2775032315744945,4.7838810825010345
0.3,0.00038599925870241197,3.8295739348370925,1601.9860758369741,0.94345469719492,276.26891641406746,1.3411112447284828,0.05888806784374905,0.7456502985346728,1.731395316523092e-05,1.2708503689785773,4.80783916982838
0.3,0.0003880201972296497,3.8496240601503757,1604.601103155372,0.9449947603977455,274.45821836088703,1.3323214483538206,0.05927657327979335,0.7505696175915898,1.7224675861577668e-05,1.264297382886586,4.831546605102127
0.3,0.0003900411357568875,3.869674185463659,1607.1600414312536,0.9465017911844839,272.680766442405,1.3236930409825485,0.05966296378423497,0.7554621570403678,1.7136766322064216e-05,1.2578447911727677,4.854998271485135
0.3,0.0003920620742841252,3.889724310776942,1609.6636177446237,0.9479762177530175,270.93641696571217,1.3152253250762727,0.06004708733920227,0.7603259920059765,1.705023057208918e-05,1.2514930361035408,4.878189230342274
0.3,0.000394083012811363,3.9097744360902253,1612.112563529434,0.9494184708653911,269.2250092069378,1.306917520422028,0.06042879426704984,0.7651592272457113,1.696507361921772e-05,1.2452424852359834,4.901114728212761
0.3,0.00039610395133860075,3.9298245614035086,1614.5076141302986,0.9508289835867483,267.546366016084,1.298768767068369,0.06080793746207193,0.7699600000831854,1.6881299466583787e-05,1.239093432401562,4.9237702034188
0.3,0.0003981248898658385,3.9498746867167918,1616.849508363051,0.9522081910265318,265.9002944228853,1.2907781282664335,0.06118437261689027,0.7747264832748909,1.6798911127417265e-05,1.2330460987724305,4.946151292290061
0.3,0.0004001458283930763,3.969924812030075,1619.1389880795286,0.9535565300821723,264.28658624286004,1.282944593411942,0.06155795844273638,0.7794568877994477,1.6717910640657458e-05,1.2271006340074648,4.968253834984845
0.3,0.000402166766920314,3.989974937343358,1621.3767977369632,0.9548744391854908,262.70501868274573,1.2752670809842026,0.061928556882873034,0.7841494655599814,1.6638299087611366e-05,1.2212571174749864,4.9900738808903515
0.3,0.0004041877054475518,4.010025062656641,1623.56368397234,0.9561623580520259,261.15535494452683,1.2677444414782857,0.06229603331842994,0.7888025119904486,1.6560076609612985e-05,1.2155155595489613,5.011607693586148
0.3,0.0004062086439747895,4.030075187969924,1625.7003951820766,0.9574207274334963,259.6373448272964,1.2603754603266815,0.0626602567659606,0.7934143685571332,1.6483242426637712e-05,1.2098759029753037,5.032851755356549
0.3,0.0004082295825020273,4.050125313283208,1627.7876811073688,0.9586499888735976,258.1507253262091,1.2531588608068402,0.06302110006606639,0.7979834251470358,1.640779485682372e-05,1.2043380243047528,5.053802771239553
0.3,0.0004102505210292651,4.0701754385964914,1629.8262924255164,0.9598505844673242,256.6952212278154,1.2460933069311428,0.06337844006247416,0.8025081223353835,1.6333731336850428e-05,1.1989017353886593,5.0744576726017065
0.3,0.00041227145955650285,4.090225563909774,1631.816980347555,0.9610229566240018,255.27054570109,1.2391774063159708,0.06373215777099808,0.8069869535250513,1.6261048443122735e-05,1.1935667849339149,5.094813620230239
0.3,0.00041429239808374053,4.110275689223057,1633.7604962224852,0.962167547834208,253.87640088349508,1.2324097130266751,0.06408213853786483,0.8114184669513029,1.6189741913707966e-05,1.188332860113134,5.114868006935741
0.3,0.0004163133366109783,4.130325814536341,1635.6575911483833,0.963284800440744,252.51247846144997,1.2257887303953883,0.06442827218693017,0.8158012675458697,1.611980667097172e-05,1.183199588226131,5.134618459660574
0.3,0.00041833427513821616,4.150375939849624,1637.5090155906717,0.9643751564138231,251.17846024460027,1.2193129138087393,0.06477045315536918,0.820134018655083,1.6051236844857433e-05,1.1781665384086502,5.154062841090254
0.3,0.00042035521366545384,4.170426065162907,1639.3155190077994,0.9654390571306238,249.87401873331123,1.2129806734626758,0.06510858061747656,0.8244154436074538,1.5984025796753793e-05,1.173233223384241,5.173199250766997
0.3,0.0004223761521926916,4.19047619047619,1641.0778494845774,0.9664769431593506,248.59881767884508,1.2067903770817723,0.0654425585962675,0.8286443271267814,1.591816614389407e-05,1.1683991012551793,5.192026025706471
0.3,0.00042439709071992937,4.2105263157894735,1642.7967533733993,0.9674892540479383,247.35251263569512,1.2007403526004619,0.0657722960626311,0.8328195165876491,1.5853649784230205e-05,1.1636635773282333,5.210541740520947
0.3,0.00042641802924716716,4.230576441102757,1644.472974943556,0.9684764281175241,246.13475150559498,1.1948288908038591,0.06609770702184176,0.8369399231108465,1.579046792172533e-05,1.1590260059711432,5.228745207053728
0.3,0.0004284389677744049,4.25062656641604,1646.1072560388477,0.9694389022608055,244.94517507274236,1.1890542479259338,0.06641871058729444,0.8410045224970174,1.5728611092007857e-05,1.154485692495642,5.24663547353165
0.3,0.0004304599063016426,4.270676691729323,1647.700335743677,0.9703771117453928,243.78341752980305,1.1834146482029273,0.06673523104138833,0.8450123559975775,1.5668069188330768e-05,1.1500418950628752,5.2642118232443105
0.3,0.0004324808448288804,4.290726817042606,1649.2529500577887,0.9712914900222548,242.6491069942963,1.1779082863800792,0.06704719788353913,0.8489625309226555,1.5608831487780254e-05,1.145693826607126,5.281473772760259
0.3,0.0004345017833561182,4.31077694235589,1650.7658315798205,0.9721824685393525,241.541866014986,1.1725333301698349,0.06735454586535847,0.8528542210865389,1.5550886677678378e-05,1.1414406567737778,5.298421069692128
0.3,0.00043652272188335594,4.330827067669173,1652.2397091997952,0.973050476560539,240.46131206793552,1.1672879226598811,0.06765721501309246,0.8566866670917961,1.5494222882125548e-05,1.1372815138675436,5.315053690024106
0.3,0.0004385436604105936,4.3508771929824555,1653.6753078006893,0.9738959409898053,239.40705804190316,1.1621701846694328,0.06795515063746829,0.8604591764539543,1.543882768862908e-05,1.133215486807011,5.331371835016773
0.3,0.00044056459893783147,4.370927318295739,1655.073347969186,0.9747192862009341,238.3787127127987,1.1571782170524207,0.06824830333114369,0.8641711235692052,1.5384688174766108e-05,1.1292416270817087,5.347375927705411
0.3,0.00044258553746506925,4.390977443609023,1656.4345457157124,0.9755209338726221,237.37588120692726,1.1523101029462488,0.06853662895401132,0.8678219495283263,1.5331790934829366e-05,1.1253589507079182,5.363066609009417
0.3,0.000444606475992307,4.4110275689223055,1657.759612203843,0.9763013028291184,236.39816545279655,1.1475639099650319,0.06882008860664864,0.8714111617804987,1.528012210640692e-05,1.1215664401796341,5.378444733471278
0.3,0.00044662741451954467,4.431077694235588,1659.049253489146,0.9770608088864228,235.44516462127308,1.142937692336277,0.06909864859225358,0.8749383336513311,1.522966739684763e-05,1.1178630464111392,5.393511364644781
0.3,0.00044864835304678246,4.451127819548872,1660.3041702675198,0.9777998647040753,234.5164755539024,1.1384294929801089,0.06937228036744612,0.8784031037199004,1.5180412109566072e-05,1.1142476906677947,5.408267770152907
0.3,0.0004506692915740203,4.471177944862156,1661.5250576330748,0.9785188796425647,233.61169317924464,1.1340373455303139,0.06964096048234998,0.8818051750600565,1.513234117014293e-05,1.1107192664818193,5.42271541643657
0.3,0.000452690230101258,4.491228070175438,1662.7126048455784,0.9792182596263712,232.73041091708455,1.129759276296527,0.06990467051040793,0.8851443143517334,1.5085439152177912e-05,1.1072766415499014,5.436855963216067
0.3,0.0004547111686284957,4.511278195488721,1663.8674951074938,0.9798984070126583,231.87222107040907,1.1255933061670342,0.07016339696841263,0.8884203508683653,1.5039690302854647e-05,1.1039186596096724,5.450691257687612
0.3,0.0004567321071557335,4.531328320802005,1664.9904053506098,0.9805597204656124,231.036715205071,1.121537452451801,0.07041713122726026,0.8916331753468355,1.4995078568179336e-05,1.1006441422922324,5.464223328477568
0.3,0.0004587530456829713,4.551378446115288,1666.0820060322535,0.9812025948364272,230.22348451707353,1.1175897306654055,0.07066586941396123,0.8947827387467194,1.4951587617856388e-05,1.097451890948031,5.477454379377408
0.3,0.00046077398421020903,4.571428571428571,1667.142960941074,0.9818274210489246,229.4321201874318,1.113748156249669,0.07090961230546067,0.8978690509058227,1.4909200869766674e-05,1.09434068844358,5.490386782882508
0.3,0.00046279492273744677,4.591478696741854,1668.1739270123612,0.9824345859907899,228.66221372459904,1.1100107462359177,0.07114836521483593,0.9008921790991955,1.48679015140165e-05,1.0913093009266561,5.50302307355785
0.3,0.00046481586126468456,4.611528822055138,1669.1755541528585,0.9830244724103996,227.91335729445086,1.1063755208468489,0.07138213787045447,0.9038522465090096,1.482767253652692e-05,1.0883564795577656,5.515365941253725
0.3,0.00046683679979192235,4.631578947368421,1670.148485075016,0.9835974588192085,227.18514403785457,1.102840505038129,0.07161094428868044,0.9067494306127492,1.4788496742135953e-05,1.085480962205855,5.5274182241941965
0.3,0.0004688577383191601,4.651629072681704,1671.0933551406256,0.9841539193996617,226.47716837585767,1.0994037299798916,0.07183480264072792,0.9095839614972838,1.4750356777187776e-05,1.0826814751063658,5.539182901960956
0.3,0.00047087867684639776,4.671679197994987,1672.010792213758,0.9846942239185853,225.7890263025547,1.096063234478421,0.07205373511425858,0.9123561201063968,1.4713235151585566e-05,1.079956734479922,5.550663088394674
0.3,0.0004728996153736356,4.69172932330827,1672.9014165229214,0.9852187376460079,225.12031566570954,1.0928170663383958,0.07226776777032005,0.9150662364293141,1.4677114260286923e-05,1.0773054481100997,5.561862024435503
0.3,0.0004749205539008734,4.711779448621554,1673.7658405323496,0.9857278212793578,224.470636435218,1.0896632836661069,0.07247693039622062,0.9177146876377809,1.464197640422241e-05,1.0747263168788581,5.572783070923915
0.3,0.00047694149242811113,4.731829573934837,1674.604668822314,0.9862218308729764,223.83959095952446,1.0865999561141964,0.07268125635492452,0.92030189617908,1.4607803810620636e-05,1.0722180362584057,5.5834297013822685
0.3,0.0004789624309553488,4.75187969924812,1675.4184979783563,0.9867011177728836,223.226784210108,1.0836251660684855,0.07288078243154641,0.9228283278323195,1.4574578652724717e-05,1.0697792977583966,5.593805494796964
0.3,0.0004809833694825866,4.771929824561403,1676.2079164893128,0.9871660285567213,222.63182401417316,1.0807370097775397,0.07307554867751041,0.9252944897351497,1.4542283068887202e-05,1.0674087903275054,5.603914128420179
0.3,0.00048300430800982445,4.791979949874687,1676.9735046540127,0.987616904978806,222.0543212756977,1.077933598425717,0.07326559825292246,0.9277009283878559,1.4510899181032915e-05,1.065105201708605,5.613759370609369
0.3,0.0004850252465370621,4.81203007518797,1677.7158277051292,0.9880540799205708,221.493895314361,1.075213084050296,0.0734509755667104,0.9300482061035096,1.4480409391695163e-05,1.0628672402413315,5.6233449858457805
0.3,0.00048704618506429986,4.832080200501252,1678.4354520213737,0.9884778869383827,220.95016177217053,1.0725736008357794,0.07363173017128687,0.9323369503228236,1.4450795732875764e-05,1.060693587068178,5.632674937555898
0.3,0.0004890671235915377,4.852130325814536,1679.1329374835323,0.9888886557617975,220.42273850224888,1.0700132937002373,0.07380791475260914,0.9345678281639636,1.4422040191481272e-05,1.0585829200216275,5.641753284835225
0.3,0.0004910880621187755,4.87218045112782,1679.8088308532185,0.9892867083941216,219.91125070718113,1.0675303432387433,0.07397958331187549,0.9367415233988897,1.4394124995772415e-05,1.0565339346496472,5.650584090153922
0.3,0.0004931090006460132,4.8922305764411025,1680.4636703605588,0.9896723618142278,219.41532760304062,1.0651229495293235,0.07414679216186713,0.9388587490692025,1.4367032440178764e-05,1.0545453313570206,5.659171472418675
0.3,0.0004951299391732509,4.912280701754385,1681.0979856598776,0.990045927950458,218.93460257428615,1.0627893328848843,0.07430959976913867,0.9409202454879313,1.434074489984226e-05,1.0526158164728476,5.6675196003710635
0.3,0.0004971508777004887,4.932330827067669,1681.7122977929812,0.9904077136589995,218.4687133183486,1.0605277345550903,0.0744680665977276,0.9429267782605585,1.431524484450272e-05,1.0507441032697469,5.675632686125408
0.3,0.0004991718162277265,4.9523809523809526,1682.3071191598629,0.990758020706633,218.0173019801291,1.0583364173792675,0.0746222549547625,0.9448791363300862,1.4290514851727976e-05,1.048928912934952,5.683514978856743
0.3,0.0005011927547549642,4.972431077694235,1682.8829534966526,0.991097145757746,217.58001527664646,1.0562136663914876,0.07477222883832033,0.9467781300505801,1.4266537619493083e-05,1.047168975493629,5.69117075864844
0.3,0.0005032136932822019,4.992481203007518,1683.4402958606238,0.9914253803655028,217.15650461206496,1.0541577893789562,0.07491805378786133,0.9486245892933517,1.4243295978113626e-05,1.0454630306847876,5.698604330508219
0.3,0.0005052346318094397,5.012531328320802,1683.979632622073,0.9917430109670631,216.7464261833436,1.052167117394872,0.07505979673754301,0.9504193615895963,1.4220772901539713e-05,1.043809828790262,5.705820018560244
0.3,0.0005072555703366776,5.032581453634085,1684.5014414628877,0.9920503188827372,216.34944107675506,1.0502400052269663,0.07519752587268692,0.9521633103129519,1.4198951518018464e-05,1.0422081314173424,5.712822160420018
0.3,0.0005092765088639152,5.052631578947368,1685.0061913815994,0.9923475803189631,215.9652153555196,1.0483748318229107,0.07533131048964938,0.9538573129051593,1.4177815120133549e-05,1.0406567122356811,5.719615101757953
0.3,0.000511297447391153,5.072681704260651,1685.4943427047385,0.9926350663749932,215.59342013880655,1.0465700006738181,0.07546122085931997,0.9555022591476587,1.415734717423142e-05,1.039154357669181,5.726203191056575
0.3,0.0005133183859183908,5.0927318295739346,1685.9663471042882,0.9929130430531733,215.23373167236082,1.0448239401570913,0.07558732809444578,0.9570990494816266,1.4137531329245072e-05,1.0376998675436622,5.73259077456537
0.3,0.0005153393244456285,5.112781954887218,1686.4226476210408,0.9931817712726978,214.88583139100228,1.043135103839817,0.07570970402095974,0.9586485933787147,1.411835142492619e-05,1.0362920556911055,5.738782191456674
0.3,0.0005173602629728663,5.132832080200501,1686.8636786936581,0.9934415068867245,214.5494059732655,1.0415019707440072,0.07582842105346065,0.9601518077643578,1.4099791499498428e-05,1.034929750511405,5.744781769184883
0.3,0.000519381201500104,5.152882205513784,1687.2898661932347,0.9936925007027295,214.2241473884285,1.0399230455748956,0.07594355207497688,0.9616096154953224,1.4081835796743971e-05,1.0336117954925248,5.750593819050835
0.3,0.0005214021400273418,5.172932330827067,1687.7016274631637,0.9939349985059857,213.9097529361959,1.0383968589135724,0.07605517032111796,0.9630229438928144,1.4064468772537278e-05,1.0323370496900783,5.75622263197224
0.3,0.0005234230785545796,5.192982456140351,1688.0993713641037,0.9941692410860447,213.60592527928816,1.0369219673751853,0.07616334926870179,0.9643927233322601,1.4047675100839434e-05,1.0311043881673148,5.761672474460501
0.3,0.0005254440170818173,5.213032581453634,1688.4834983238493,0.9943954642661068,213.31237246919773,1.0354969537339695,0.07626816252892164,0.9657198858905682,1.4031439679167727e-05,1.0299127023965893,5.766947584803577
0.3,0.000527464955609055,5.233082706766917,1688.8544003918944,0.9946138989351557,213.02880796537352,1.0341204270163762,0.07636968374509731,0.9670053640514386,1.4015747633555463e-05,1.0287609006234146,5.772052169453784
0.3,0.0005294858941362929,5.2531328320802,1689.2124612985033,0.9948247710827464,212.7549506480725,1.0327910225634587,0.07646798649504438,0.9682500894691463,1.4000584323016203e-05,1.0276479081941379,5.776990399619306
0.3,0.0005315068326635306,5.273182957393484,1689.5580565180767,0.9950283018363232,212.4905248251539,1.031507402063854,0.07656314419806441,0.969454991790836,1.3985935343529038e-05,1.0265726678484606,5.781766408056991
0.3,0.0005335277711907684,5.293233082706767,1689.8915533366235,0.9952247075009562,212.23526023304544,1.030268253558473,0.07665523002655869,0.9706209975373612,1.3971786531559355e-05,1.025534139977865,5.786384286064219
0.3,0.0005355487097180061,5.313283208020049,1690.2133109231359,0.9954141996013757,211.98889203214526,1.029072291418181,0.07674431682224027,0.9717490290423465,1.3958123967131603e-05,1.0245313028511556,5.790848080666647
0.3,0.0005375696482452438,5.333333333333333,1690.523680404678,0.9955969849261944,211.7511607968952,1.0279182562956077,0.07683047701691365,0.9728400034490884,1.3944933976469522e-05,1.023563152808253,5.795161791998561
0.3,0.0005395905867724817,5.353383458646617,1690.8230049449905,0.9957732655741994,211.5218125007757,1.0268049150523093,0.07691378255777277,0.9738948317646653,1.3932203134220112e-05,1.0226287044234348,5.799329370871987
0.3,0.0005416115252997194,5.3734335839598995,1691.111619826423,0.9959432390026048,211.30059849645295,1.025731060662393,0.07699430483716185,0.974914417970558,1.3919918265276939e-05,1.0217269906391653,5.803354716530565
0.3,0.0005436324638269572,5.393483709273182,1691.3898525350041,0.996107098077152,211.08727549132027,1.0246955120937877,0.0770721146267275,0.9758996581888734,1.390806644621909e-05,1.0208570628717168,5.80724167458373
0.3,0.0005456534023541949,5.413533834586466,1691.658022848464,0.9962650311239482,210.88160551866417,1.0236971141682727,0.07714728201588332,0.9768514399031729,1.3896635006381633e-05,1.0200179910897416,5.810994035116542
0.3,0.0005476743408814327,5.4335839598997495,1691.9164429270247,0.9964172219829357,210.68335590467495,1.0227347374013347,0.07721987635450249,0.9777706412328367,1.3885611528572997e-05,1.0192088638669266,5.814615530970421
0.3,0.0005496952794086705,5.453634085213032,1692.1654174067799,0.9965638500628857,210.49229923153825,1.0218072778230012,0.07728996619973759,0.9786581302596881,1.3874983849455726e-05,1.0184287884099423,5.818109836189514
0.3,0.0005517162179359082,5.473684210526315,1692.4052434954826,0.9967050903978107,210.30821329681203,1.020913656780641,0.07735761926687082,0.97951476440565,1.3864740059605365e-05,1.0176768905627647,5.82148056462766
0.3,0.0005537371564631459,5.493734335839599,1692.6362110705709,0.9968411137046943,210.13088106931195,1.0200528207248154,0.07742290238408275,0.9803413898600207,1.3854868503263336e-05,1.0169523147885358,5.824731268710466
0.3,0.0005557580949903838,5.513784461152882,1692.8586027792571,0.9969720864424365,209.96009064171358,1.0192237409791922,0.07748588145102672,0.9811388410549352,1.3845357777798895e-05,1.0162542241300714,5.827865438347029
0.3,0.0005577790335176215,5.533834586466165,1693.0726941405144,0.9970981708719165,209.79563518007012,1.018425413495486,0.0775466214010926,0.9819079401875435,1.383619673289484e-05,1.0155818001500916,5.830886499985798
0.3,0.0005597999720448591,5.553884711779448,1693.2787536487956,0.9972195251170763,209.63731287045061,1.0176568585944206,0.07760518616723706,0.9826494967873474,1.382737446947186e-05,1.014934242852268,5.833797815808925
0.3,0.000561820910572097,5.5739348370927315,1693.4770428793274,0.9973363032269301,209.48492686289092,1.0169171206936451,0.07766163865125608,0.9833643073271242,1.3818880338365867e-05,1.0143107705841392,5.836602683059445
0.3,0.0005638418490993348,5.593984962406015,1693.667816594817,0.9974486552384081,209.33828521284295,1.0162052680235094,0.07771604069637492,0.9840531548758567,1.381070393877215e-05,1.0137106199229107,5.839304333495689
0.3,0.0005658627876265725,5.614035087719298,1693.8513228534246,0.9975567272399438,209.19720082031517,1.0155203923316272,0.0777684530630238,0.9847168087920004,1.3802835116470664e-05,1.0131330455451915,5.8419059329671335
0.3,0.0005678837261538102,5.634085213032581,1694.0278031178486,0.9976606614357176,209.06149136687168,1.014861608577047,0.07781893540767429,0.9853560244555072,1.379526396184533e-05,1.0125773200816086,5.8444105811062235
0.3,0.000569904664681048,5.654135338345864,1694.1974923653825,0.9977605962104726,208.93097925066922,1.0142280546148992,0.07786754626460465,0.985971543036934,1.3787980807710679e-05,1.0120427339572833,5.846821311130476
0.3,0.0005719256032082859,5.674185463659148,1694.3606191987997,0.9978566661948173,208.80549151970263,1.013618890872343,0.07791434303046346,0.986564091301986,1.3780976226958894e-05,1.0115285952191226,5.849141089749313
0.3,0.0005739465417355235,5.694235588972431,1694.5174059579301,0.9979490023309364,208.68485980341165,1.0130333000165614,0.07795938195150597,0.9871343814499007,1.3774241030039073e-05,1.011034229350796,5.851372817170266
0.3,0.0005759674802627612,5.7142857142857135,1694.6680688317983,0.9980377319386327,208.5689202428166,1.0124704866156147,0.0780027181133713,0.9876831109840055,1.376776626228132e-05,1.0105589790763227,5.853519327199055
0.3,0.0005779884187899991,5.734335839598997,1694.812817971194,0.9981229787816218,208.45751341932873,1.0119296767928578,0.0780444054332759,0.9882109626128694,1.3761543201077071e-05,1.0101022041531078,5.85558338742832
0.3,0.0005800093573172368,5.754385964912281,1694.9518576015485,0.9982048631340097,208.35048428238315,1.0114101178756463,0.0780844966544973,0.9887186041804563,1.3755563352927018e-05,1.009663281155257,5.857567699509816
0.3,0.0005820302958444746,5.774436090225564,1695.0853861360017,0.9982835018468798,208.24768207603393,1.0109110780389996,0.07812304334302574,0.9892066886237261,1.374981845036751e-05,1.0092416032479747,5.859474899504994
0.3,0.0005840512343717123,5.794486215538846,1695.2135962885418,0.9983590084149245,208.14896026465158,1.0104318459449106,0.07816009588626073,0.9896758539561318,1.374430044878619e-05,1.0088365799538304,5.861307558309018
0.3,0.0005860721728989501,5.81453634085213,1695.3366751871054,0.9984314930430538,208.05417645784678,1.009971730377897,0.07819570349363712,0.9901267232755457,1.3739001523136779e-05,1.0084476369116215,5.863068182143423
0.3,0.0005880931114261879,5.834586466165414,1695.4548044865337,0.9985010627129174,207.9631923347531,1.0095300598774422,0.07822991419906142,0.9905599047951091,1.3733914064563095e-05,1.0080742156285774,5.864759213112682
0.3,0.0005901140499534256,5.854636591478696,1695.5681604812828,0.9985678212492831,207.87587356778226,1.009106182367875,0.07826277486504857,0.9909759918956127,1.3729030676941493e-05,1.0077157732265705,5.866383029820188
0.3,0.0005921349884806633,5.874686716791979,1695.6769142177839,0.9986318693862095,207.79208974597236,1.0086994647862737,0.0782943311884469,0.9913755631979869,1.3724344173350999e-05,1.0073717821830255,5.867941948039201
0.3,0.0005941559270079012,5.894736842105263,1695.7812316063673,0.9986933048329607,207.71171429803485,1.008309292708907,0.07832462770764664,0.9917591826545769,1.37198475724796e-05,1.0070417300671377,5.869438221434543
0.3,0.0005961768655351389,5.9147869674185465,1695.8812735326542,0.9987522223396079,207.6346244152096,1.0079350699767455,0.07835370781116656,0.9921273996578682,1.3715534094975274e-05,1.0067251192720386,5.8708740423308825
0.3,0.0005981978040623766,5.934837092731829,1695.977195968332,0.9988087137622684,207.56070097402585,1.007576218320514,0.07838161374752024,0.9924807491654157,1.3711397159749547e-05,1.0064214667434748,5.872251542523665
0.3,0.0006002187425896144,5.954887218045112,1696.0691500812322,0.9988628681279342,207.48982845906494,1.0072321769857522,0.07840838663626488,0.9928197518397444,1.3707430380241214e-05,1.0061303037055647,5.873572794128896
0.3,0.0006022396811168521,5.974937343358396,1696.157282344635,0.9989147716988427,207.42189488581653,1.0069024023583326,0.07843406648013951,0.9931449142020458,1.3703627560647495e-05,1.005851175384163,5.874839810468078
0.3,0.00060426061964409,5.994987468671679,1696.2417346457196,0.9989645080363484,207.3567917237126,1.006586367590838,0.07845869217820359,0.9934567287985413,1.3699982692129464e-05,1.0055836407283387,5.876054546984838
0.3,0.0006062815581713277,6.015037593984962,1696.322644393099,0.9990121580642514,207.29441381942752,1.0062835622302306,0.07848230153988803,0.9937556743783985,1.3696489948998653e-05,1.0053272721304698,5.877218902189774
0.3,0.0006083024966985654,6.035087719298245,1696.400144623369,0.9990578001315483,207.2346593205109,1.0059934918471403,0.0785049312998795,0.994042216082198,1.3693143684890469e-05,1.005081655145371,5.878334718630472
0.3,0.0006103234352258032,6.0551378446115285,1696.4743641066093,0.9991015100745638,207.17742959943757,1.0057156776671727,0.07852661713375561,0.9943168056399094,1.368993842893095e-05,1.0048463882089325,5.879403783883454
0.3,0.000612344373753041,6.075187969924812,1696.5454274507779,0.9991433612784322,207.12262917813496,1.0054496562045385,0.07854739367429817,0.9945798815774521,1.3686868881902024e-05,1.004621082356648,5.880427831565264
0.3,0.0006143653122802787,6.095238095238095,1696.6134552049477,0.9991834247378962,207.07016565306003,1.0051949788983496,0.07856729452841012,0.9948318694309006,1.3683929912410905e-05,1.0044053609424473,5.881408542359806
0.3,0.0006163862508075165,6.115288220551378,1696.6785639613306,0.9992217691173915,207.01994962087906,1.00495121175184,0.07858635229457052,0.9950731819675016,1.3681116553068215e-05,1.0041988593581699,5.8823475450594085
0.3,0.0006184071893347542,6.135338345864661,1696.7408664560405,0.999258460810389,206.97189460481582,1.004717934974834,0.07860459858075869,0.9953042194126333,1.3678423996680022e-05,1.0040012247540575,5.8832464176169585
0.3,0.0006204281278619921,6.155388471177945,1696.8004716685562,0.9992935639979719,206.92591698171395,1.0044947426296793,0.07862206402278903,0.9955253696819631,1.3675847592457726e-05,1.0038121157605597,5.884106688206899
0.3,0.0006224490663892298,6.175438596491228,1696.857484919838,0.9993271407066184,206.88193590986884,1.0042812422809166,0.07863877830299522,0.9957370086180309,1.3673382842250312e-05,1.0036312022117797,5.884929836292697
0.3,0.0006244700049164674,6.1954887218045105,1696.912007969065,0.9993592508651736,206.83987325767112,1.0040770546488889,0.07865477016920998,0.9959395002305729,1.3671025396802598e-05,1.003458164870828,5.8857172936988045
0.3,0.0006264909434437053,6.215538847117794,1696.9641391089528,0.9993899523609852,206.79965353310763,1.0038818132675127,0.07867006745398664,0.9961331969399088,1.3668771052043216e-05,1.003292695157359,5.886470445684997
0.3,0.0006285118819709431,6.235588972431078,1697.0139732596301,0.9994193010951885,206.76120381415603,1.0036951641463885,0.0786846970940144,0.9963184398227812,1.3666615745405567e-05,1.0031344948775283,5.8871906320213485
0.3,0.0006305328204981807,6.2556390977443606,1697.0616020610348,0.999447351037123,206.72445368011313,1.0035167654374424,0.07869868514967909,0.9964955588600363,1.3664555552185086e-05,1.0029832759566135,5.88787914806197
0.3,0.0006325537590254185,6.275689223057643,1697.1071139638118,0.9994741542778632,206.689335143888,1.0033462871062524,0.07871205682472644,0.9966648731856041,1.3662586681935528e-05,1.0028387601745017,5.888537245815922
0.3,0.0006345746975526563,6.295739348370927,1697.1505943186876,0.9994997610828549,206.6557825852883,1.0031834106081956,0.07872483648598767,0.9968266913362674,1.3660705474906925e-05,1.002700678904233,5.889166135013823
0.3,0.0006365956360798942,6.315789473684211,1697.1921254643028,0.9995242199436413,206.62373268533065,1.0030278285695662,0.07873704768312736,0.9969813115017114,1.3658908398527807e-05,1.0025687728537955,5.889766984168629
0.3,0.0006386165746071318,6.335839598997493,1697.231786813485,0.9995475776286721,206.5931243615978,1.0028792444737757,0.07874871316837864,0.9971290217744146,1.3657192043933849e-05,1.0024427918113257,5.890340921629318
0.3,0.0006406375131343695,6.355889724310776,1697.269654937946,0.9995698792331837,206.56389870466342,1.002737372352735,0.07875985491623252,0.9972701003989586,1.3655553122544954e-05,1.0023224943938656,5.890889036626244
0.3,0.0006426584516616074,6.37593984962406,1697.305803651395,0.9995911682281479,206.5359989156052,1.0026019364835204,0.07877049414304992,0.9974048160203577,1.365398846269264e-05,1.0022076477998114,5.891412380307038
0.3,0.0006446793901888451,6.3959899749373434,1697.3403040910557,0.9996114865082778,206.5093702446236,1.0024726710904057,0.0787806513265671,0.9975334279310415,1.3652495006299496e-05,1.0020980275651852,5.891911966761955
0.3,0.0006467003287160828,6.416040100250626,1697.3732241936436,0.9996308740834179,206.48396039694376,1.0023493223152609,0.07879034604738938,0.9976561840638208,1.365106983175877e-05,1.001993419243004,5.892388765289823
0.3,0.0006487212672433206,6.436090225563909,1697.404630491431,0.9996493701362962,206.4597181478175,1.0022316414942598,0.07879959751404234,0.9977733276401726,1.364971007635838e-05,1.0018936127091744,5.892843726277668
0.3,0.0006507422057705584,6.456140350877193,1697.4345867192494,0.9996670122021493,206.43659441888667,1.002119390382945,0.07880842414934845,0.9978850919328731,1.364841299674348e-05,1.001798406600468,5.89327776090812
0.3,0.0006527631442977961,6.476190476190476,1697.4631540880312,0.9996838363298182,206.41454206818935,1.0020123401368415,0.07881684366761414,0.9979917012433532,1.3647175957229657e-05,1.0017076074567033,5.893691745005121
0.3,0.0006547840828250339,6.496240601503759,1697.4903915158293,0.9996998772178028,206.39351571287193,1.0019102704508347,0.07882487313963621,0.9980933717248202,1.3645996419941195e-05,1.0016210289968934,5.894086522275584
0.3,0.0006568050213522716,6.516290726817042,1697.516355699673,0.9997151682565801,206.373471674671,1.0018129692945195,0.07883252901107923,0.9981903116149552,1.3644871941828612e-05,1.0015384919003305,5.8944629052541835
0.3,0.0006588259598795095,6.5363408521303255,1697.5411011858234,0.9997297415699785,206.35436792655332,1.0017202326531716,0.07883982712060239,0.9982827214654383,1.3643800171745108e-05,1.0014598235919967,5.894821676232612
0.3,0.0006608468984067472,6.556390977443609,1697.5646804384262,0.9997436280556102,206.33616404052373,1.001631864274387,0.07884678271771824,0.9983707943680793,1.3642778847582974e-05,1.001384858032375,5.895163588172658
0.3,0.0006628678369339849,6.576441102756892,1697.587143906577,0.999756857424368,206.31882113659276,1.0015476754203532,0.07885341048037414,0.9984547161774364,1.3641805793469913e-05,1.0013134355116589,5.895489365602844
0.3,0.0006648887754612227,6.596491228070175,1697.6085400898046,0.9997694582389898,206.30230183290632,1.0014674846257587,0.07885972453224299,0.9985346657297542,1.3640878917025751e-05,1.0012454024483937,5.8957997054982085
0.3,0.0006669097139884604,6.616541353383458,1697.6289156019857,0.9997814579516995,206.2865701970295,1.0013911174613084,0.07886573845971535,0.9986108150581213,1.3639996206679467e-05,1.0011806111925452,5.896095278143002
0.3,0.0006689306525156982,6.636591478696742,1697.6483152336948,0.9997928829409275,206.27159169838842,1.0013184063028564,0.07887146532858091,0.9986833296036928,1.3639155729047075e-05,1.001118919833036,5.89637672797589
0.3,0.000670951591042936,6.656641604010025,1697.6667820130172,0.9998037585471243,206.25733316184755,1.001249190106056,0.0788769177003981,0.998752368422966,1.363835562636945e-05,1.00106019200968,5.8966446744177565
0.3,0.0006729725295701737,6.6766917293233075,1697.6843572648233,0.9998141091076699,206.24376272243535,1.0011833141865794,0.07888210764853786,0.9988180843909283,1.363759411401102e-05,1.0010042967295867,5.896899712681606
0.3,0.0006749934680974115,6.696741854636591,1697.7010806685323,0.9998239579908906,206.230849781193,1.0011206300057913,0.07888704677390256,0.9988806244000938,1.3636869478018263e-05,1.0009511081879532,5.897142414564719
0.3,0.0006770144066246493,6.716791979949875,1697.7169903143738,0.9998333276291954,206.21856496214332,1.0010609949618607,0.07889174622031349,0.9989401295553412,1.3636180072738031e-05,1.0009005055932485,5.897373329222886
0.3,0.000679035345151887,6.7368421052631575,1697.7321227581701,0.9998422395513369,206.20688007037256,1.0010042721862746,0.07889621668956202,0.9989967353644943,1.3635524318495585e-05,1.0008523729967802,5.8975929839266215
0.3,0.0006810562836791248,6.75689223057644,1697.7465130746527,0.999850714413812,206.1957680512055,1.0009503303456577,0.07890046845612517,0.9990505719246532,1.3634900699331362e-05,1.0008065991265733,5.897801884799467
0.3,0.0006830772222063625,6.776942355889724,1697.7601949093382,0.9998587720314124,206.18520295046915,1.0008990434488794,0.07890451138154105,0.9991017641042184,1.3634307760796548e-05,1.0007630772255631,5.898000517538326
0.3,0.0006850981607336003,6.796992481203008,1697.7732005289752,0.9998664314069348,206.17515987582874,1.0008502906593628,0.0789083549284443,0.9991504317206096,1.3633744107806567e-05,1.000721704894042,5.898189348115882
0.3,0.0006871190992608381,6.81704260651629,1697.7855608705922,0.9998737107600661,206.16561495917972,1.0008039561125228,0.07891200817426249,0.999196689713692,1.3633208402551887e-05,1.0006823839363106,5.898368823465263
0.3,0.0006891400377880757,6.837092731829573,1697.7973055891605,0.9998806275554537,206.15654532008807,1.0007599287382916,0.07891547982457088,0.9992406483148764,1.3632699362465796e-05,1.0006450202115125,5.8985393721469315
0.3,0.0006911609763153136,6.857142857142857,1697.8084631038973,0.9998871985299749,206.14792903025568,1.0007181020886198,0.07891877822611014,0.9992824132119513,1.363221575824799e-05,1.0006095234885646,5.898701404998064
0.3,0.0006931819148425514,6.87719298245614,1697.819060643231,0.9998934397192174,206.13974507900434,1.000678374169924,0.07892191137946479,0.9993220857096201,1.3631756411943768e-05,1.0005758073051696,5.898855315764423
0.3,0.0006952028533697891,6.897243107769423,1697.8291242884509,0.9998993664831867,206.13197333975245,1.0006406472803517,0.07892488695140816,0.9993597628858143,1.3631320195077526e-05,1.000543788830814,5.8990014817150485
0.3,0.0006972237918970268,6.917293233082706,1697.8386790160632,0.9999049935312504,206.12459453747852,1.0006048278518374,0.0789277122869127,0.9993955377437704,1.363090602684029e-05,1.0005133887337312,5.899140264239797
0.3,0.0006992447304242646,6.93734335839599,1697.8477487388816,0.9999103349463377,206.11759021714215,1.0005708262968065,0.07893039442083293,0.9994294993599612,1.363051287232978e-05,1.0004845310517227,5.899272009430109
0.3,0.0007012656689515024,6.957393483709273,1697.8563563458695,0.9999154042084036,206.1109427130607,1.000538556859518,0.07893294008925866,0.9994617330278522,1.3630139740843002e-05,1.0004571430668343,5.899397048643005
0.3,0.0007032866074787401,6.977443609022556,1697.8645237407643,0.9999202142171757,206.1046351192099,1.0005079374718926,0.07893535574054784,0.9994923203976012,1.3629785684219667e-05,1.0004311551837606,5.899515699048757
0.3,0.0007053075460059778,6.997493734335839,1697.8722718795034,0.9999247773141952,206.09865126043792,1.0004788896137764,0.07893764754603991,0.9995213396117122,1.3629449795235959e-05,1.0004065008119478,5.899628264162348
0.3,0.0007073284845332156,7.017543859649122,1697.8796208064782,0.9999291053041686,206.09297566457712,1.0004513381775588,0.07893982141045343,0.9995488654366929,1.362913120604782e-05,1.0003831162513317,5.899735034358979
0.3,0.0007093494230604534,7.037593984962406,1697.8865896896427,0.9999332094756436,206.08759353542678,1.0004252113370231,0.07894188298197574,0.9995749693908104,1.3628829086682304e-05,1.0003609405816,5.899836287373986
0.3,0.0007113703615876911,7.057644110275689,1697.8931968544966,0.9999371006210227,206.08249072659828,1.00040044042038,0.07894383766204584,0.9995997198679643,1.3628542643576706e-05,1.000339915554966,5.899932288787304
0.3,0.0007133913001149289,7.077694235588972,1697.899459816972,0.9999407890559318,206.07765371619848,1.0003769597873713,0.0789456906148376,0.9996231822577647,1.3628271118163968e-05,1.0003199854923355,5.900023292492862
0.3,0.0007154122386421667,7.097744360902255,1697.905395315248,0.9999442846379551,206.07306958233335,1.000354706710356,0.07894744677644855,0.999645419061882,1.3628013785503601e-05,1.0003010971828166,5.90010954115316
0.3,0.0007174331771694044,7.117794486215539,1697.9110193405131,0.9999475967847544,206.06872597941583,1.0003336212593001,0.07894911086379863,0.9996664900067238,1.3627769952957194e-05,1.000283199786502,5.9001912666393155
0.3,0.0007194541156966422,7.137844611528822,1697.9163471667073,0.9999507344915826,206.06461111525937,1.0003136461905795,0.07895068738324426,0.9996864521525085,1.362753895890747e-05,1.0002662447404462,5.900268690456846
0.3,0.0007214750542238799,7.157894736842104,1697.921393379262,0.9999537063482109,206.0607137289344,1.0002947268394873,0.0789521806389153,0.999705359998829,1.3627320171519739e-05,1.0002501856677566,5.900342024157583
0.3,0.0007234959927511177,7.177944862155388,1697.9261719028686,0.999956520555282,206.05702306937587,1.0002768110163878,0.07895359474077798,0.9997232655867465,1.3627112987545135e-05,1.0002349782897502,5.900411469737909
0.3,0.0007255169312783555,7.197994987468672,1697.9306960282913,0.9999591849401008,206.05352887471736,1.000259848906395,0.07895493361243197,0.9997402185975185,1.3626916831164146e-05,1.000220580341068,5.900477220023703
0.3,0.0007275378698055932,7.2180451127819545,1697.9349784382566,0.9999617069718826,206.0502213523389,1.000243792972519,0.07895620099864538,0.9997562664480082,1.3626731152869978e-05,1.0002069514877148,5.900539459042243
0.3,0.000729558808332831,7.238095238095237,1697.939031232442,0.9999640937764676,206.047091159606,1.000228597862165,0.07895740047263548,0.9997714543828744,1.362655542839031e-05,1.0001940532479139,5.900598362381445
0.3,0.0007315797468600687,7.258145363408521,1697.9428659515804,0.9999663521505185,206.04412938528526,1.0002142203169186,0.07895853544309958,0.9997858255635969,1.3626389157646784e-05,1.0001818489157348,5.900654097536647
0.3,0.0007336006853873065,7.2781954887218046,1697.9464936007146,0.9999684885752147,206.0413275316164,1.0002006190855164,0.07895960916100302,0.999799421154428,1.362623186375108e-05,1.000170303487404,5.900706824245357
0.3,0.0007356216239145443,7.298245614035087,1697.9499246716155,0.9999705092294555,206.0386774970243,1.0001877548399238,0.0789606247261299,0.9998122804053385,1.3626083092036649e-05,1.0001593835902336,5.900756694810177
0.3,0.000737642562441782,7.31829573934837,1697.9531691643938,0.9999724200025876,206.0361715594538,1.000175590094436,0.07896158509340227,0.9998244407320324,1.3625942409125215e-05,1.0001490574141028,5.900803854410265
0.3,0.0007396635009690197,7.338345864661654,1697.9562366083226,0.9999742265066682,206.0338023603092,1.0001640891277146,0.07896249307897414,0.9998359377931098,1.3625809402027004e-05,1.0001392946454142,5.900848441401615
0.3,0.0007416844394962576,7.358395989974937,1697.9591360818993,0.9999759340882799,206.03156288898163,1.0001532179076777,0.0789633513661061,0.9998468055644532,1.3625683677273805e-05,1.0001300664034598,5.900890587606466
0.3,0.0007437053780234953,7.37844611528822,1697.9618762321613,0.9999775478399066,206.02944646794685,1.0001429440191596,0.07896416251082677,0.9998570764109127,1.3625564860083911e-05,1.0001213451791284,5.900930418592153
0.3,0.000745726316550733,7.398496240601503,1697.9644652932834,0.9999790726108854,206.02744673842108,1.000133236594277,0.07896492894738537,0.9998667811553482,1.3625452593558155e-05,1.000113104775893,5.900968053939611
0.3,0.0007477472550779708,7.4185463659147866,1697.9669111044761,0.9999805130179482,206.0255576465495,1.0001240662453859,0.07896565299350429,0.9998759491451379,1.3625346537905834e-05,1.0001053202529941,5.901003607501995
0.3,0.0007497681936052086,7.43859649122807,1697.9692211272052,0.9999818734553623,206.02377343012267,1.0001154050005956,0.07896633685543382,0.9998846083161819,1.362524636970005e-05,1.0000979678707815,5.901037187653508
0.3,0.0007517891321324464,7.458646616541353,1697.971402461753,0.9999831581046839,206.0220886057955,1.0001072262417257,0.07896698263281751,0.9998927852545085,1.3625151781161184e-05,1.0000910250381212,5.901068897528868
0.3,0.000753810070659684,7.478696741854636,1697.9734618631458,0.9999843709441376,206.02049795679864,1.0000995046446535,0.07896759232337236,0.9999005052555356,1.3625062479467933e-05,1.000084470261824,5.9010988352536335
0.3,0.0007558310091869218,7.498746867167919,1697.9754057564571,0.9999855157576308,206.0189965211266,1.0000922161219739,0.07896816782738922,0.9999077923810552,1.3624978186094992e-05,1.0000782830980328,5.90112709416564
0.3,0.0007578519477141597,7.518796992481203,1697.977240251522,0.999986596143417,206.01757958018447,1.0000853377678858,0.07896871095206018,0.9999146695140274,1.3624898636176408e-05,1.0000724441054918,5.901153763027905
0.3,0.0007598728862413974,7.538847117794486,1697.9789711570647,0.9999876155224174,206.01624264788165,1.0000788478052507,0.07896922341563696,0.9999211584112354,1.3624823577893949e-05,1.0000669348006528,5.901178926233181
0.3,0.000761893824768635,7.558897243107769,1697.9806039942712,0.9999885771462139,206.01498146015797,1.0000727255347475,0.07896970685142601,0.9999272797538712,1.3624752771889699e-05,1.0000617376145584,5.901202664000464
0.3,0.0007639147632958729,7.578947368421052,1697.9821440098174,0.9999894841047217,206.01379196492712,1.000066951286054,0.07897016281162551,0.9999330531961207,1.3624685990701982e-05,1.0000568358514406,5.901225052563704
0.3,0.0007659357018231107,7.598997493734336,1697.983596188375,0.9999903393335542,206.01267031242264,1.0000615063709837,0.07897059277100987,0.9999384974118174,1.3624623018223885e-05,1.000052213648974,5.901246164352981
0.3,0.0007679566403503484,7.619047619047619,1697.984965264611,0.9999911456210901,206.01161284593513,1.0000563730385201,0.07897099813046607,0.9999436301392203,1.3624563649183637e-05,1.0000478559401376,5.901266068168402
0.3,0.0007699775788775861,7.639097744360901,1697.9862557346964,0.9999919056152511,206.0106160929306,1.000051534431702,0.07897138022038526,0.9999484682239588,1.3624507688646382e-05,1.0000437484166425,5.901284829346849
0.3,0.0007719985174048239,7.659147869674185,1697.9874718673452,0.999992621830003,206.00967675652373,1.0000469745462317,0.07897174030391974,0.9999530276602726,1.362445495153581e-05,1.0000398774938215,5.901302509922092
0.3,0.0007740194559320617,7.679197994987469,1697.9886177143944,0.9999932966515868,206.00879170731378,1.0000426781908436,0.07897207958010201,0.9999573236305067,1.3624405262176136e-05,1.000036230277009,5.9013191687781275
0.3,0.0007760403944592994,7.6992481203007515,1697.9896971209462,0.9999939323444913,206.0079579755527,1.000038630949285,0.07897239918683774,0.9999613705430076,1.3624358453852664e-05,1.0000327945292862,5.901334861796287
0.3,0.0007780613329865371,7.719298245614034,1697.990713735084,0.9999945310571755,206.00717274364433,1.0000348191439046,0.07897270020377271,0.999965182068426,1.3624314368390945e-05,1.0000295586405925,5.901349641996156
0.3,0.000780082271513775,7.739348370927318,1697.9916710171794,0.9999950948275497,206.00643333895778,1.0000312298007659,0.0789729836550402,0.999968771174504,1.3624272855753518e-05,1.000026511598124,5.901363559670594
0.3,0.0007821032100410127,7.7593984962406015,1697.9925722488033,0.9999956255882234,206.0057372269482,1.0000278506162534,0.07897325051189134,0.9999721501593817,1.3624233773653906e-05,1.0000236429580025,5.901376662515009
0.3,0.0007841241485682505,7.779448621553884,1697.9934205412585,0.9999961251715304,206.00508200456648,1.0000246699250799,0.07897350169521553,0.9999753306835103,1.3624196987186778e-05,1.0000209428181281,5.901388995751205
0.3,0.0007861450870954882,7.799498746867167,1697.9942188437433,0.9999965953143364,206.00446539395944,1.000021676669706,0.07897373807794987,0.9999783238001617,1.3624162368474455e-05,1.0000184017922338,5.901400602245796
0.3,0.000788166025622726,7.819548872180451,1697.9949699511635,0.9999970376626405,206.003885236433,1.000018860371034,0.07897396048738882,0.9999811399846729,1.3624129796328098e-05,1.0000160109850147,5.901411522623669
0.3,0.0007901869641499638,7.839598997493734,1697.9956765116046,0.9999974537759745,206.00333948668617,1.0000162111004183,0.07897416970739006,0.9999837891623772,1.3624099155924145e-05,1.0000137619683807,5.901421795376389
0.3,0.0007922079026772015,7.859649122807017,1697.9963410334744,0.9999978451316104,206.00282620729354,1.0000137194528813,0.07897436648048588,0.9999862807353395,1.3624070338494639e-05,1.0000116467587246,5.901431456965922
0.3,0.0007942288412044392,7.8796992481203,1697.9969658923349,0.9999982131285835,206.0023435634305,1.0000113765215073,0.07897455150990186,0.9999886236079165,1.36240432410312e-05,1.0000096577951945,5.901440541923816
0.3,0.000796249779731677,7.8997493734335835,1697.9975533374272,0.9999985590915355,206.00188981783322,1.0000091738729768,0.07897472546148589,0.9999908262111824,1.362401776600215e-05,1.00000778791893,5.90144908294597
0.3,0.0007982707182589148,7.919799498746867,1697.9981054979087,0.9999988842743868,206.00146332598433,1.0000071035241958,0.07897488896555101,0.9999928965262638,1.3623993821082303e-05,1.0000060303532294,5.901457110983161
0.3,0.0008002916567861525,7.93984962406015,1697.9986243888095,0.9999991898638454,206.00106253151148,1.0000051579199587,0.07897504261863708,0.9999948421066454,1.3623971318894697e-05,1.0000043786845927,5.901464655327588
0.3,0.0008023125953133903,7.959899749373433,1697.9991119167182,0.9999994769827552,206.0006859617963,1.0000033299116327,0.07897518698519182,0.9999966700994557,1.3623950176764136e-05,1.0000028268446304,5.901471743695444
0.3,0.000804333533840628,7.979949874686716,1697.9995698852124,0.9999997466932935,206.00033222378147,1.0000016127368032,0.07897532259917633,0.9999983872657976,1.3623930316481852e-05,1.0000013690927914,5.901478402305783
0.3,0.0008063544723678659,8.0,1698.000000000039,1.000000000000023,205.99999999996976,0.9999999999998532,0.07897544996559723,1.0000000000001468,1.3623911664080907e-05,0.9999999999998755,5.901484655955782
